ddias;danielcanastro@gmail.com;ddias123;Daniel Dias
jgoncalves;josegoncalves@gmail.com;jgoncalves123;Jose Goncalves
rjoaquinito;ricardo.joaquinito@altran.com;rjoaquinito123;Ricardo Joaquinito
jesteves;jose.esteves@altran.com;jesteves123; Jose Esteves
ptmmmargarido;ptmmmargarido@gmail.com;ptmmmargarido123; Pedro Margarido
fmorais;f.rafael.f.morais@gmail.com;fmorais123; Fabio Morais
tbosmans;thomas_bosmans@hotmail.be;tbosmans123;Thomas Bosmans
jmgoncalves;josemiguel.goncalves@altran.com;jmgoncalves123;Jose Miguel Goncalves
camaral;claudio.amaral@altran.com;camaral123;Claudio Amaral
psilva;pedro.silva@altran.com;psilva123;Pedro Silva
aribeiro;adriana.ribeiro@altran.com;aribeiro123;Adriana Ribeiro
amonteiro;andre.monteiro@altran.com;amonteiro123;Andre Monteiro
lfdias;luisfilipe.dias@altran.com;lfdias123;Luis Filipe Dias
calberto;calberto@gmail.com;calber123;Carlos Alberto;
altran;altran@gmail.com;altran123;Altran
fgomes;fgomes@gmail.com;fgomes123;Francisco Gomes
ccardoso;ccardoso@gmail.com;ccardoso123;Costa Cardoso
rmourao;rmoura@gmail.com;rmourao123;Rodrigo Mourao
continental;continental@gmail.com;continental123;Continental
jmartins;jmartins@gmail.com;jmartins123;Jeronimo Martins
rpinto;rpinto@gmail.com;rpinto123;Ramos Pinto
rsalazar;rsalazar@gmail.com;rsalazar123;Ricardo Salazar
estudio61;estudio61@gmail.com;estudio61123;Estudio61
igomes;igomes@gmail.com;igomes123;Ines Gomes
deleiote;deleiote@gmail.com;deleiote123;Deleiote
coliveira;coliveira@gmail.com;coliveira123;Claudio Oliveira
superman;superman@gmail.com;superman123;SuperMan
yneves;yneves@gmail.com;yneves123;Yolanda Neves
glimas;glimas@gmail.com;glimas123;Gustavo Limas
